{"assets/apresentacao.mp4":["assets/apresentacao.mp4"],"assets/aspas.png":["assets/aspas.png"],"assets/face.png":["assets/face.png"],"assets/fernandofh1.jpg":["assets/fernandofh1.jpg"],"assets/fundo.png":["assets/fundo.png"],"assets/insta.png":["assets/insta.png"],"assets/logo.png":["assets/logo.png"],"assets/logo.svg":["assets/logo.svg"],"assets/logobranco.png":["assets/logobranco.png"],"assets/luisacomssouzacomz.jpg":["assets/luisacomssouzacomz.jpg"],"assets/melhorpreco.svg":["assets/melhorpreco.svg"],"assets/neimar.jpg":["assets/neimar.jpg"],"assets/neimar2.jpg":["assets/neimar2.jpg"],"assets/preco.png":["assets/preco.png"],"assets/thays.jpg":["assets/thays.jpg"],"assets/tielevargas_.jpg":["assets/tielevargas_.jpg"],"assets/wpp.png":["assets/wpp.png"],"packages/cupertino_icons/assets/CupertinoIcons.ttf":["packages/cupertino_icons/assets/CupertinoIcons.ttf"],"packages/font_awesome_flutter/lib/fonts/fa-brands-400.ttf":["packages/font_awesome_flutter/lib/fonts/fa-brands-400.ttf"],"packages/font_awesome_flutter/lib/fonts/fa-regular-400.ttf":["packages/font_awesome_flutter/lib/fonts/fa-regular-400.ttf"],"packages/font_awesome_flutter/lib/fonts/fa-solid-900.ttf":["packages/font_awesome_flutter/lib/fonts/fa-solid-900.ttf"]}